<?xml version="1.0" encoding="UTF-8"?>
<project-private xmlns="http://www.netbeans.org/ns/project-private/1">
    <editor-bookmarks xmlns="http://www.netbeans.org/ns/editor-bookmarks/2" lastBookmarkId="0"/>
    <open-files xmlns="http://www.netbeans.org/ns/projectui-open-files/2">
        <group>
            <file>file:/C:/Users/D-ALI%20COMPUTER/OneDrive/Desktop/dsa-lab/dsa-lab-manual-main/LabAssingment/LabAssingment/LabAssingment/src/labassingment/LabAssingment_05.java</file>
            <file>file:/C:/Users/D-ALI%20COMPUTER/OneDrive/Desktop/dsa-lab/dsa-lab-manual-main/LabAssingment/LabAssingment/LabAssingment/src/labassingment/LabAssingment_08.java</file>
            <file>file:/C:/Users/D-ALI%20COMPUTER/OneDrive/Desktop/dsa-lab/dsa-lab-manual-main/LabAssingment/LabAssingment/LabAssingment/src/labassingment/LabAssingment_06.java</file>
            <file>file:/C:/Users/D-ALI%20COMPUTER/OneDrive/Desktop/dsa-lab/dsa-lab-manual-main/LabAssingment/LabAssingment/LabAssingment/src/labassingment/LabAssingment_09.java</file>
            <file>file:/C:/Users/D-ALI%20COMPUTER/OneDrive/Desktop/dsa-lab/dsa-lab-manual-main/LabAssingment/LabAssingment/LabAssingment/src/labassingment/LabAssingment_07.java</file>
        </group>
    </open-files>
</project-private>
